City_ID,City,Country,Date,Lat,Lng,Max Temp,Humidity,Cloudiness,Wind Speed
0,Port Hawkesbury,CA,2021-11-08 03:56:29,45.6169,-61.3485,45.59,89,1,1.99
1,Port Elizabeth,ZA,2021-11-08 03:56:40,-33.918,25.5701,59.29,94,0,5.75
2,Ushuaia,AR,2021-11-08 03:55:31,-54.8,-68.3,40.66,81,40,5.75
3,Longyearbyen,SJ,2021-11-08 03:55:33,78.2186,15.6401,12.04,79,75,4.61
4,Kasamwa,TZ,2021-11-08 04:03:44,-2.85,32.4333,65.75,67,75,0.54
5,Mar Del Plata,AR,2021-11-08 03:55:26,-38.0023,-57.5575,57.87,87,0,5.99
6,Ormara,PK,2021-11-08 03:58:21,25.2088,64.6357,80.38,35,0,5.48
7,Saint-Philippe,RE,2021-11-08 03:56:10,-21.3585,55.7679,80.47,77,40,10.11
8,Walvis Bay,NA,2021-11-08 04:00:58,-22.9575,14.5053,53.1,86,4,10.38
9,Knysna,ZA,2021-11-08 04:03:45,-34.0363,23.0471,57.58,93,100,3.49
10,Khipro,PK,2021-11-08 04:03:46,25.8285,69.3772,83.89,18,2,6.02
11,Aswan,EG,2021-11-08 04:00:15,24.0934,32.907,74.08,34,0,8.25
12,Kharp,RU,2021-11-08 04:03:47,66.8014,65.8081,16.77,90,100,7.47
13,Mitu,CO,2021-11-08 04:03:47,1.1983,-70.1733,71.2,99,100,0.34
14,Bredasdorp,ZA,2021-11-08 03:56:41,-34.5322,20.0403,50.29,79,84,2.98
15,La Primavera,CO,2021-11-08 04:03:48,5.4906,-70.4092,77.7,79,100,4.88
16,Lasa,IT,2021-11-08 04:01:39,46.6166,10.7002,35.37,65,66,6.2
17,Los Llanos De Aridane,ES,2021-11-08 03:51:05,28.6585,-17.9182,64.15,64,75,5.01
18,Pangnirtung,CA,2021-11-08 03:56:42,66.1451,-65.7125,17.6,73,1,2.3
19,Punta Arenas,CL,2021-11-08 03:52:29,-53.15,-70.9167,44.71,70,40,16.11
20,Carnarvon,AU,2021-11-08 03:53:41,-24.8667,113.6333,71.67,56,73,12.66
21,Mauriti,BR,2021-11-08 04:03:50,-7.3892,-38.7744,79.2,58,99,2.62
22,Talnakh,RU,2021-11-08 03:58:23,69.4865,88.3972,16.63,96,100,7.38
23,Port Said,EG,2021-11-08 04:03:50,31.2565,32.2841,75.65,66,1,11.05
24,Bitkine,TD,2021-11-08 04:03:51,11.9801,18.2138,76.46,20,38,3.78
25,Narsaq,GL,2021-11-08 03:57:01,60.9167,-46.05,24.49,83,100,1.68
26,Sakakah,SA,2021-11-08 04:03:52,29.9697,40.2064,59.27,37,0,4.79
27,Brae,GB,2021-11-08 03:55:57,60.3964,-1.353,40.91,66,98,3.6
28,Hermanus,ZA,2021-11-08 03:55:25,-34.4187,19.2345,56.89,74,47,2.46
29,Cape Town,ZA,2021-11-08 03:53:39,-33.9258,18.4232,59.11,73,20,5.01
30,Tashtagol,RU,2021-11-08 04:03:53,52.7657,87.8894,33.49,65,87,2.3
31,Tasiilaq,GL,2021-11-08 03:55:49,65.6145,-37.6368,16.63,74,100,5.41
32,Eyl,SO,2021-11-08 04:01:11,7.9803,49.8164,77.38,70,20,11.16
33,Dakar,SN,2021-11-08 03:56:34,14.6937,-17.4441,78.93,78,0,16.11
34,Vyartsilya,RU,2021-11-08 04:03:54,62.1764,30.693,31.59,81,100,11.92
35,Makinsk,KZ,2021-11-08 04:03:55,52.6292,70.4169,23.61,46,89,17.29
36,Nanortalik,GL,2021-11-08 03:55:36,60.1432,-45.2371,30.27,63,100,1.52
37,East London,ZA,2021-11-08 03:55:40,-33.0153,27.9116,61.74,100,90,9.22
38,Yar-Sale,RU,2021-11-08 03:57:51,66.8333,70.8333,16.97,92,99,9.64
39,Damietta,EG,2021-11-08 04:03:56,31.4165,31.8133,73.6,68,1,9.86
40,Honningsvag,NO,2021-11-08 04:00:30,70.9821,25.9704,30.81,90,100,10.89
41,Port Alfred,ZA,2021-11-08 03:52:07,-33.5906,26.891,64.18,87,100,6.22
42,Lincoln,US,2021-11-08 04:01:40,40.8,-96.667,57.65,81,0,1.01
43,Jamestown,US,2021-11-08 03:55:31,42.097,-79.2353,48.72,81,1,0.0
44,Rzhaksa,RU,2021-11-08 04:03:58,52.1338,42.0264,39.11,91,98,9.86
45,Korla,CN,2021-11-08 03:57:17,41.7597,86.1469,30.67,25,0,3.49
46,Hamilton,US,2021-11-08 03:59:51,39.1834,-84.5333,49.98,75,8,3.27
47,Namibe,AO,2021-11-08 03:56:56,-15.1961,12.1522,66.65,81,92,5.17
48,Storforshei,NO,2021-11-08 04:04:00,66.4043,14.5233,13.33,89,10,3.56
49,Rio Gallegos,AR,2021-11-08 03:56:00,-51.6226,-69.2181,42.85,61,0,14.97
50,Itupiranga,BR,2021-11-08 04:04:00,-5.1347,-49.3267,75.52,92,100,1.7
51,Ribeira Grande,PT,2021-11-08 03:56:19,38.5167,-28.7,69.51,85,52,23.11
52,Bambous Virieux,MU,2021-11-08 03:55:51,-20.3428,57.7575,79.21,78,75,10.36
53,Ariquemes,BR,2021-11-08 04:02:02,-9.9133,-63.0408,71.2,98,98,2.42
54,Kamariotissa,GR,2021-11-08 04:04:02,40.4833,25.4667,55.45,82,94,9.28
55,Itarema,BR,2021-11-08 03:58:14,-2.9248,-39.9167,77.9,84,83,6.98
56,Vila Franca Do Campo,PT,2021-11-08 03:59:00,37.7167,-25.4333,70.2,75,34,11.12
57,Vila Velha,BR,2021-11-08 03:56:51,-20.3297,-40.2925,71.55,91,90,4.61
58,Kapoeta,SS,2021-11-08 04:04:03,4.7717,33.5903,79.45,56,95,5.66
59,Necochea,AR,2021-11-08 03:58:06,-38.5473,-58.7368,53.04,88,58,12.73
60,Hofn,IS,2021-11-08 03:55:01,64.2539,-15.2082,38.84,98,100,13.31
61,Saldanha,ZA,2021-11-08 03:54:51,-33.0117,17.9442,60.08,76,86,20.22
62,Marrakesh,MA,2021-11-08 03:59:27,31.6315,-8.0083,48.27,57,0,3.44
63,Ndende,GA,2021-11-08 04:04:05,-2.4008,11.3581,71.42,99,100,1.45
64,Tefe,BR,2021-11-08 04:00:18,-3.3542,-64.7114,72.9,93,55,1.5
65,Bengkulu,ID,2021-11-08 03:57:56,-3.8004,102.2655,83.79,66,100,6.58
66,Wundanyi,KE,2021-11-08 04:04:06,-3.4019,38.364,59.72,77,89,3.04
67,Budelsdorf,DE,2021-11-08 04:04:06,54.3167,9.6833,48.09,69,95,3.0
68,Utrecht,NL,2021-11-08 04:00:47,52.0,5.25,48.0,95,100,3.0
69,Bafoulabe,ML,2021-11-08 04:04:07,13.8065,-10.8321,80.44,43,10,2.17
70,Georgetown,MY,2021-11-08 03:55:32,5.4112,100.3354,87.89,80,20,1.01
71,Uberaba,BR,2021-11-08 04:04:08,-19.7483,-47.9319,73.51,70,49,4.16
72,Codrington,AU,2021-11-08 03:57:30,-38.2667,141.9667,59.67,58,84,10.78
73,Iqaluit,CA,2021-11-08 03:55:33,63.7506,-68.5145,10.13,78,1,15.99
74,Thurso,GB,2021-11-08 04:04:10,58.5927,-3.5259,44.85,76,94,6.08
75,Chuy,UY,2021-11-08 03:56:02,-33.6971,-53.4616,52.86,85,13,0.49
76,Salinas,US,2021-11-08 03:59:56,36.6777,-121.6555,55.51,79,64,1.39
77,Gazojak,TM,2021-11-08 04:04:11,41.1875,61.4036,39.94,19,98,3.29
78,Madarounfa,NE,2021-11-08 04:04:11,13.3087,7.156,77.02,23,9,6.67
79,Hithadhoo,MV,2021-11-08 03:55:25,-0.6,73.0833,82.76,70,98,13.56
80,Keetmanshoop,NA,2021-11-08 03:59:10,-26.5833,18.1333,49.75,60,0,18.79
81,Axim,GH,2021-11-08 03:56:44,4.8699,-2.2405,78.24,88,99,6.89
82,Rudbar,AF,2021-11-08 04:04:13,30.15,62.6,57.47,29,11,2.59
83,Svetlyy,RU,2021-11-08 03:57:16,54.675,20.1347,46.45,83,86,12.86
84,Klaksvik,FO,2021-11-08 03:55:21,62.2266,-6.589,45.52,83,99,25.3
85,Pisco,PE,2021-11-08 03:57:44,-13.7,-76.2167,64.45,82,0,2.3
86,Dikson,RU,2021-11-08 03:50:51,73.5069,80.5464,8.92,95,99,1.39
87,Odweyne,SO,2021-11-08 03:58:15,9.4092,45.064,67.21,38,21,7.94
88,Upernavik,GL,2021-11-08 03:52:36,72.7868,-56.1549,9.75,74,4,6.13
89,Adrar,MR,2021-11-08 03:59:11,20.5022,-10.0711,67.96,26,89,6.93
90,Arraial Do Cabo,BR,2021-11-08 03:55:55,-22.9661,-42.0278,69.76,74,63,6.06
91,Busselton,AU,2021-11-08 03:55:01,-33.65,115.3333,71.04,46,3,7.94
92,Pangoa,PE,2021-11-08 04:04:16,-12.1167,-73.0,68.43,99,100,1.72
93,Girau Do Ponciano,BR,2021-11-08 04:04:16,-9.8842,-36.8289,72.39,88,14,8.63
94,Ivanivka,UA,2021-11-08 04:04:16,46.7208,34.553,53.51,95,99,9.53
95,Touros,BR,2021-11-08 03:55:44,-5.1989,-35.4608,81.5,77,82,11.54
96,Kushmurun,KZ,2021-11-08 03:53:33,52.4503,64.6311,35.01,50,96,11.3
97,Sao Joao Da Barra,BR,2021-11-08 03:54:28,-21.6403,-41.0511,70.54,77,100,5.82
98,Le Portel,FR,2021-11-08 04:04:18,50.7056,1.5757,48.69,83,94,9.71
99,Vestmannaeyjar,IS,2021-11-08 03:56:09,63.4427,-20.2734,42.12,84,100,42.57
100,Tirumullaivasal,IN,2021-11-08 04:04:18,11.2333,79.8333,79.25,87,100,11.56
101,Chipinge,ZW,2021-11-08 04:04:19,-20.1883,32.6236,69.71,38,0,3.58
102,Ilulissat,GL,2021-11-08 03:59:12,69.2167,-51.1,-1.35,70,5,7.52
103,Gulu,UG,2021-11-08 04:04:20,2.7746,32.299,65.5,94,100,2.57
104,Saint George,US,2021-11-08 03:53:38,37.1041,-113.5841,68.34,35,1,1.01
105,Berbera,SO,2021-11-08 04:04:21,10.4396,45.0143,80.22,64,9,3.04
106,Yenagoa,NG,2021-11-08 04:04:21,4.9247,6.2642,75.38,94,76,2.86
107,Abeche,TD,2021-11-08 04:04:22,13.8292,20.8324,75.49,17,0,6.51
108,Sainte-Maxime,FR,2021-11-08 04:04:22,43.3,6.6333,59.95,94,86,6.08
109,Sept-Iles,CA,2021-11-08 04:04:23,50.2001,-66.3821,44.06,85,98,1.99
110,Qaanaaq,GL,2021-11-08 03:55:50,77.484,-69.3632,2.43,70,63,7.85
111,Salalah,OM,2021-11-08 03:57:25,17.0151,54.0924,78.28,62,36,1.7
112,Taman,RU,2021-11-08 04:00:10,45.2117,36.7161,50.32,84,100,14.7
113,Mogadishu,SO,2021-11-08 03:55:46,2.0371,45.3438,78.67,83,40,5.75
114,Tabou,CI,2021-11-08 04:00:41,4.423,-7.3528,77.7,89,97,4.92
115,Diamantino,BR,2021-11-08 04:04:25,-14.4086,-56.4461,69.96,89,86,3.44
116,Mahebourg,MU,2021-11-08 03:55:27,-20.4081,57.7,79.25,78,75,10.36
117,Guerande,FR,2021-11-08 04:04:26,47.3291,-2.4283,48.74,86,6,7.14
118,Uspenka,UA,2021-11-08 04:04:26,48.3903,39.1619,45.55,65,100,8.5
119,Roald,NO,2021-11-08 03:58:22,62.5833,6.1333,37.33,87,100,9.22
120,Saint-Augustin,CA,2021-11-08 03:58:52,51.226,-58.6502,37.67,94,100,5.46
121,Rio Pardo De Minas,BR,2021-11-08 04:04:27,-15.6097,-42.5397,66.88,97,84,3.47
122,Sistranda,NO,2021-11-08 03:56:47,63.7256,8.834,34.9,71,100,10.96
123,Dingle,PH,2021-11-08 04:00:54,10.9995,122.6711,86.5,74,42,12.15
124,Qasigiannguit,GL,2021-11-08 04:01:24,68.8193,-51.1922,12.45,74,6,6.13
125,Gerash,IR,2021-11-08 03:57:59,27.6652,54.1371,51.94,54,0,2.04
126,Shubarkuduk,KZ,2021-11-08 04:04:29,49.1447,56.4872,33.75,40,100,6.53
127,Ponta Do Sol,PT,2021-11-08 03:55:20,32.6667,-17.1,66.83,66,13,5.66
128,Isla Mujeres,MX,2021-11-08 04:04:30,21.2311,-86.731,64.17,63,0,11.36
129,Mangan,IN,2021-11-08 04:01:38,27.5167,88.5333,73.29,51,7,5.3
130,Kuytun,RU,2021-11-08 03:59:33,54.3419,101.5036,31.86,73,100,7.34
131,Cockburn Town,TC,2021-11-08 03:57:09,21.4612,-71.1419,81.7,73,86,5.7
132,Torbay,CA,2021-11-08 03:55:59,47.6666,-52.7314,46.27,87,90,8.05
133,Gariaband,IN,2021-11-08 03:58:22,20.635,82.0614,72.95,44,82,4.76
134,Ipanema,BR,2021-11-08 04:04:32,-30.1391,-51.2244,63.37,76,0,5.75
135,Farakka,IN,2021-11-08 04:04:32,24.8167,87.9,77.16,49,29,6.85
136,Calama,CL,2021-11-08 03:56:24,-22.4667,-68.9333,48.69,17,0,11.5
137,Dindori,IN,2021-11-08 04:04:33,22.95,81.0833,72.5,40,54,6.08
138,Bubaque,GW,2021-11-08 03:57:37,11.2833,-15.8333,83.05,74,44,9.31
139,Berlevag,NO,2021-11-08 03:59:18,70.8578,29.0864,29.86,72,100,9.55
140,Ibra,OM,2021-11-08 04:04:34,22.6906,58.5334,74.46,41,0,1.05
141,Laguna,US,2021-11-08 03:55:29,38.421,-121.4238,54.1,69,1,3.44
142,Palmas,BR,2021-11-08 04:04:35,-10.2128,-48.3603,76.87,88,75,2.3
143,Albox,ES,2021-11-08 04:04:35,37.3886,-2.1495,45.05,40,0,7.72
144,Artigas,UY,2021-11-08 04:02:56,-30.4,-56.4667,57.72,87,11,8.37
145,Tres Arroyos,AR,2021-11-08 04:04:36,-38.3739,-60.2798,50.34,80,50,8.41
146,Vila Do Maio,CV,2021-11-08 03:55:19,15.1333,-23.2167,75.99,76,100,15.68
147,Gualaquiza,EC,2021-11-08 04:04:37,-3.4,-78.55,61.77,98,71,1.45
148,Vardo,NO,2021-11-08 03:55:02,70.3705,31.1107,25.0,60,99,15.88
149,Cayenne,GF,2021-11-08 03:56:03,4.9333,-52.3333,81.09,84,40,3.0
150,Stornoway,GB,2021-11-08 03:57:30,58.2093,-6.3865,48.92,81,100,18.41
151,Henties Bay,NA,2021-11-08 03:59:31,-22.116,14.2845,52.86,89,14,11.41
152,Aripuana,BR,2021-11-08 04:04:38,-9.1667,-60.6333,71.42,99,88,1.99
153,Faya,SA,2021-11-08 03:56:25,18.3851,42.4509,48.72,41,0,1.88
154,Luderitz,NA,2021-11-08 03:55:35,-26.6481,15.1594,55.63,82,0,8.61
155,Bathsheba,BB,2021-11-08 03:56:05,13.2167,-59.5167,81.21,74,40,14.97
156,Chicama,PE,2021-11-08 04:04:40,-7.8447,-79.1469,61.34,83,91,5.23
157,Pavlivka,UA,2021-11-08 04:04:40,49.4414,28.4596,39.49,89,100,7.05
158,Soyo,AO,2021-11-08 03:55:47,-6.1349,12.3689,77.27,86,98,5.99
159,Ferkessedougou,CI,2021-11-08 04:04:41,9.6,-5.2,74.59,68,10,4.52
160,Ostrovnoy,RU,2021-11-08 03:58:15,68.0531,39.5131,22.21,91,99,11.03
161,Richards Bay,ZA,2021-11-08 03:57:48,-28.783,32.0377,70.84,94,100,6.62
162,Ereymentau,KZ,2021-11-08 04:04:43,51.6199,73.1033,29.07,46,97,18.16
163,Rawson,AR,2021-11-08 03:56:15,-43.3002,-65.1023,59.65,54,100,4.41
164,Placido De Castro,BR,2021-11-08 04:04:44,-10.3353,-67.1856,71.8,99,99,1.28
165,Kiruna,SE,2021-11-08 03:58:04,67.8557,20.2251,11.32,79,22,6.91
166,Havre-Saint-Pierre,CA,2021-11-08 03:57:15,50.2334,-63.5986,44.6,93,90,4.61
167,San Cristobal,VE,2021-11-08 03:56:09,7.7669,-72.225,71.78,89,98,1.86
168,Alekseyevskoye,RU,2021-11-08 04:04:45,55.3071,50.1135,36.28,82,100,13.4
169,Bandarbeyla,SO,2021-11-08 03:59:09,9.4942,50.8122,78.64,64,71,9.84
170,Ligatne,LV,2021-11-08 04:04:46,57.2343,25.0406,38.25,95,100,4.0
171,General Roca,AR,2021-11-08 04:04:46,-39.0333,-67.5833,72.0,27,91,11.21
172,Voi,KE,2021-11-08 04:00:56,-3.3945,38.563,69.39,77,86,4.47
173,Turukhansk,RU,2021-11-08 03:58:25,65.8167,87.9833,32.56,98,100,18.68
174,Morgantown,US,2021-11-08 04:04:29,39.6295,-79.9559,47.91,70,1,0.0
175,Samdari,IN,2021-11-08 04:00:21,25.8167,72.5833,81.75,22,76,4.97
176,Cap Malheureux,MU,2021-11-08 03:55:23,-19.9842,57.6142,79.47,72,17,10.0
177,Raudeberg,NO,2021-11-08 03:56:12,61.9875,5.1352,39.87,81,95,3.0
178,Grabouw,ZA,2021-11-08 04:04:48,-34.1515,19.0151,56.26,86,62,3.62
179,Beyneu,KZ,2021-11-08 03:56:58,45.3167,55.2,37.99,27,99,8.81
180,Natal,BR,2021-11-08 03:57:29,-5.795,-35.2094,81.25,78,40,9.22
181,Saravena,CO,2021-11-08 04:04:49,6.9538,-71.8752,73.4,84,100,2.73
182,Atar,MR,2021-11-08 03:56:44,20.5169,-13.0499,71.4,29,71,6.58
183,Shelburne,CA,2021-11-08 04:01:03,44.0787,-80.2041,46.6,89,68,6.82
184,Mehriz,IR,2021-11-08 04:04:51,31.5917,54.4318,41.5,80,100,2.82
185,Karabulak,RU,2021-11-08 04:04:51,43.3036,44.8964,49.19,92,87,1.63
186,Clyde River,CA,2021-11-08 03:57:09,70.4692,-68.5914,10.65,90,47,11.41
187,Polis,CY,2021-11-08 04:04:52,35.0367,32.4264,62.42,34,55,2.57
188,Lutry,CH,2021-11-08 04:04:53,46.5024,6.6865,46.17,83,81,7.78
189,Manbij,SY,2021-11-08 04:04:53,36.5281,37.9549,45.37,36,100,2.95
190,Makhinjauri,GE,2021-11-08 04:01:15,41.6739,41.694,51.66,82,0,14.97
191,Sieu-Magherus,RO,2021-11-08 04:04:54,47.0833,24.3833,48.24,95,100,2.71
192,Paamiut,GL,2021-11-08 03:56:45,61.994,-49.6678,19.8,66,15,7.16
193,Sumbe,AO,2021-11-08 04:04:54,-11.2061,13.8437,74.19,86,87,1.28
194,Mangai,CD,2021-11-08 04:04:55,-4.05,19.5333,69.04,99,96,0.6
195,Marawi,PH,2021-11-08 03:58:09,7.9986,124.2928,76.64,66,37,7.18
196,Albany,US,2021-11-08 04:00:11,42.6001,-73.9662,42.31,77,14,3.58
197,Victoria,HK,2021-11-08 03:55:26,22.2855,114.1577,70.32,60,35,3.0
198,Borba,BR,2021-11-08 04:04:56,-4.3878,-59.5939,73.92,85,85,1.03
199,Moose Factory,CA,2021-11-08 03:58:45,51.2585,-80.6094,39.18,93,1,6.91
200,Falmouth,GB,2021-11-08 04:00:43,50.1544,-5.0711,50.9,91,99,5.01
201,Mananara,MG,2021-11-08 04:01:21,-16.1667,49.7667,77.0,75,47,4.97
202,Ilebo,CD,2021-11-08 04:04:58,-4.3167,20.5833,69.78,99,94,1.12
203,Kingston,JM,2021-11-08 04:02:06,17.997,-76.7936,74.21,89,67,2.75
204,Salym,RU,2021-11-08 04:04:59,60.0625,71.4789,32.47,98,100,8.61
205,Kruisfontein,ZA,2021-11-08 03:56:21,-34.0033,24.7314,56.88,89,100,3.44
206,Santa Isabel Do Rio Negro,BR,2021-11-08 04:05:00,-0.4139,-65.0192,73.06,99,97,2.19
207,Valdepenas,ES,2021-11-08 04:05:00,38.7621,-3.3848,46.98,88,6,7.23
208,Alexandria,EG,2021-11-08 03:59:02,31.2156,29.9553,66.16,72,0,0.0
209,Taltal,CL,2021-11-08 04:05:01,-25.4,-70.4833,61.79,73,0,2.89
210,Niederfeulen,LU,2021-11-08 04:05:01,49.8556,6.0472,40.91,96,100,3.8
211,Vestmanna,FO,2021-11-08 04:05:02,62.1564,-7.1664,43.72,93,90,19.57
212,Los Algarrobos,PA,2021-11-08 04:05:03,8.5,-82.4333,77.45,84,100,3.06
213,Lebu,CL,2021-11-08 03:57:39,-37.6167,-73.65,52.27,94,69,8.81
214,Antalaha,MG,2021-11-08 04:05:04,-14.9003,50.2788,78.19,72,70,6.38
215,Barcelos,PT,2021-11-08 03:56:34,41.5388,-8.6151,54.68,59,88,4.76
216,Trairi,BR,2021-11-08 04:00:45,-3.2778,-39.2689,78.51,84,31,6.33
217,Peniche,PT,2021-11-08 04:00:35,39.3558,-9.3811,54.88,76,85,8.75
218,Chapada Dos Guimaraes,BR,2021-11-08 04:05:06,-15.4606,-55.7497,64.06,87,25,2.84
219,Carmarthen,GB,2021-11-08 04:05:06,51.8555,-4.3054,51.51,87,60,1.86
220,Vostochnyy,RU,2021-11-08 04:05:07,55.8167,37.8667,43.11,75,100,12.26
221,Livani,LV,2021-11-08 04:05:08,56.3543,26.1758,43.36,91,100,14.27
222,Shakhtinsk,KZ,2021-11-08 04:05:08,49.71,72.5872,23.54,46,0,6.69
223,Portobelo,PA,2021-11-08 04:05:09,9.55,-79.65,78.96,84,99,6.73
224,Aquiraz,BR,2021-11-08 04:05:09,-3.9014,-38.3911,81.18,81,38,7.92
225,Bam,IR,2021-11-08 03:58:27,29.106,58.357,55.78,37,5,3.85
226,Camacha,PT,2021-11-08 03:58:38,33.0833,-16.3333,63.82,59,40,9.22
227,Viedma,AR,2021-11-08 03:50:25,-40.8135,-62.9967,56.01,75,61,9.84
228,Havoysund,NO,2021-11-08 03:57:23,70.9963,24.6622,31.08,78,100,25.81
229,Deori Khas,IN,2021-11-08 04:05:11,23.4,79.0167,73.56,40,34,4.27
230,Omboue,GA,2021-11-08 03:56:24,-1.5746,9.2618,75.97,92,100,4.54
231,Lopsmarka,NO,2021-11-08 04:05:12,67.3134,14.4493,28.29,77,0,3.0
232,Kachiry,KZ,2021-11-08 04:05:12,53.0675,76.1036,35.46,32,100,17.38
233,Nouakchott,MR,2021-11-08 04:01:52,18.0858,-15.9785,69.73,66,97,11.61
234,Souillac,MU,2021-11-08 03:52:23,-20.5167,57.5167,79.36,78,75,10.36
235,Margate,GB,2021-11-08 03:57:00,51.3813,1.3862,44.69,86,92,12.91
236,Kutum,SD,2021-11-08 03:58:37,14.2,24.6667,66.34,29,5,6.15
237,Alta,NO,2021-11-08 04:05:14,69.9689,23.2717,31.26,77,40,3.0
238,Guayaramerin,BO,2021-11-08 04:05:14,-10.8368,-65.3614,71.92,96,98,1.74
239,Sechura,PE,2021-11-08 04:02:21,-5.5569,-80.8222,64.89,79,43,11.81
240,Surt,LY,2021-11-08 04:05:15,31.2089,16.5887,70.66,38,100,13.76
241,Lagoa,PT,2021-11-08 03:58:05,39.05,-27.9833,68.27,85,11,19.35
242,Pasni,PK,2021-11-08 04:05:16,25.2631,63.471,78.78,39,0,7.34
243,Cabedelo,BR,2021-11-08 03:57:24,-6.9811,-34.8339,79.47,81,51,8.93
244,Bela,IN,2021-11-08 04:05:17,25.9333,81.9833,74.35,41,40,5.26
245,Zaozerne,UA,2021-11-08 04:05:18,45.1582,33.2787,57.94,93,81,17.52
246,Murgab,TM,2021-11-08 03:58:36,37.4966,61.9714,40.87,56,90,6.91
247,Barra Patuca,HN,2021-11-08 04:05:18,15.8,-84.2833,77.13,75,100,15.66
248,Bonga,ET,2021-11-08 04:05:19,7.2833,36.2333,57.97,95,56,1.74
249,Carlow,IE,2021-11-08 04:05:19,52.8408,-6.9261,51.67,96,100,5.57
250,Nalut,LY,2021-11-08 04:05:20,30.3333,10.85,63.61,47,88,1.32
251,Coquimbo,CL,2021-11-08 03:57:06,-29.9533,-71.3436,55.13,94,0,3.44
252,Husavik,IS,2021-11-08 03:58:01,66.0449,-17.3389,31.91,98,100,10.94
253,Kabelvag,NO,2021-11-08 04:05:21,68.2114,14.4817,32.22,69,58,6.44
254,Bluefields,NI,2021-11-08 04:05:22,12.0137,-83.7635,74.57,93,95,7.83
255,San Lazaro,BZ,2021-11-08 04:05:23,18.0387,-88.6622,67.98,91,14,3.31
256,Mongo,TD,2021-11-08 04:05:23,12.1844,18.693,76.78,18,48,4.03
257,Santa Rosa,PH,2021-11-08 03:59:38,14.3122,121.1114,89.11,71,60,12.33
258,Kumeny,RU,2021-11-08 04:05:24,58.1089,49.9161,33.42,87,100,10.36
259,Chake Chake,TZ,2021-11-08 04:05:24,-5.2459,39.7666,76.48,79,89,1.81
260,Colares,PT,2021-11-08 03:56:59,38.7992,-9.4469,54.59,62,44,5.01
261,Teodoro Sampaio,BR,2021-11-08 04:05:25,-22.5325,-52.1675,72.63,87,41,3.47
262,Oxelosund,SE,2021-11-08 04:05:26,58.6706,17.1015,35.98,80,90,12.66
263,Krasnoselkup,RU,2021-11-08 03:57:45,65.7,82.4667,32.83,98,100,22.91
264,Corn Island,NI,2021-11-08 04:05:27,12.1694,-83.0418,81.75,77,95,16.93
265,Alta Floresta,BR,2021-11-08 04:00:43,-9.8756,-56.0861,70.54,98,98,2.64
266,Cidreira,BR,2021-11-08 03:55:46,-30.1811,-50.2056,61.48,73,6,2.68
267,Sovetskiy,RU,2021-11-08 03:59:04,61.3614,63.5842,32.07,89,90,9.69
268,Milton,US,2021-11-08 04:04:59,34.1322,-84.3007,53.76,72,0,4.0
269,Birao,CF,2021-11-08 04:05:28,10.2849,22.7882,73.83,36,26,2.06
270,Comodoro Rivadavia,AR,2021-11-08 03:54:17,-45.8667,-67.5,55.26,67,0,6.91
271,Sao Filipe,CV,2021-11-08 03:56:39,14.8961,-24.4956,77.85,74,100,7.56
272,Maniitsoq,GL,2021-11-08 04:00:32,65.4167,-52.9,20.95,60,1,4.74
273,Boke,GN,2021-11-08 04:05:30,10.9409,-14.2967,75.02,93,15,2.93
274,Mecca,SA,2021-11-08 03:55:15,21.4267,39.8261,77.63,58,0,3.09
275,Misratah,LY,2021-11-08 04:05:31,32.3754,15.0925,72.45,52,28,14.58
276,Royan,FR,2021-11-08 04:05:31,45.6285,-1.0281,46.38,91,8,8.81
277,Damghan,IR,2021-11-08 04:05:32,36.1683,54.348,43.38,52,1,1.16
278,Nadym,RU,2021-11-08 04:05:32,65.5333,72.5167,23.18,88,100,12.24
279,Karema,TZ,2021-11-08 04:05:33,-6.8205,30.4389,74.17,51,36,4.32
280,Usinsk,RU,2021-11-08 03:58:59,65.9939,57.5281,18.81,93,100,7.78
281,Plettenberg Bay,ZA,2021-11-08 03:57:18,-34.0527,23.3716,58.06,92,100,4.43
282,Carutapera,BR,2021-11-08 04:05:34,-1.195,-46.02,76.55,88,60,3.91
283,Rio Grande,BR,2021-11-08 04:05:34,-32.035,-52.0986,52.95,77,0,4.05
284,Labrea,BR,2021-11-08 04:05:35,-7.2586,-64.7981,73.78,93,100,1.25
285,Chulym,RU,2021-11-08 04:05:35,55.0997,80.9572,28.45,70,98,18.61
286,Orbetello,IT,2021-11-08 04:05:36,42.4408,11.2196,58.8,83,81,8.57
287,Quelimane,MZ,2021-11-08 04:05:36,-17.8786,36.8883,72.81,77,5,5.82
288,Wagar,SD,2021-11-08 04:05:37,16.1525,36.2032,78.57,60,51,7.07
289,Pitimbu,BR,2021-11-08 04:05:37,-7.4706,-34.8086,79.39,80,42,8.34
290,Tshela,CD,2021-11-08 04:05:38,-4.9833,12.9333,73.49,98,100,0.49
291,Puerto Carreno,CO,2021-11-08 04:05:38,6.189,-67.4859,78.21,80,100,4.72
292,Allapalli,IN,2021-11-08 04:05:39,19.4167,80.0667,75.99,47,55,3.44
293,Bunda,TZ,2021-11-08 04:05:39,-2.05,33.8667,68.07,70,34,4.0
294,Santiago Del Estero,AR,2021-11-08 04:05:39,-27.7951,-64.2615,65.8,68,22,3.49
295,Asfi,MA,2021-11-08 04:05:40,32.2994,-9.2372,55.35,70,0,9.98
296,Acarau,BR,2021-11-08 03:57:21,-2.8856,-40.12,78.35,83,86,7.52
297,Saint-Pierre,RE,2021-11-08 03:56:36,-21.3393,55.4781,80.56,65,0,9.22
298,Ancud,CL,2021-11-08 03:58:08,-41.8697,-73.8203,53.42,94,94,2.44
299,Taoudenni,ML,2021-11-08 03:55:48,22.6783,-3.9836,67.14,21,0,14.85
300,Sinnamary,GF,2021-11-08 03:57:34,5.3833,-52.95,78.69,87,100,10.2
301,Gander,CA,2021-11-08 04:05:42,48.9682,-54.5906,38.41,95,24,5.28
302,Mitsamiouli,KM,2021-11-08 03:58:59,-11.3847,43.2844,77.29,65,20,2.3
303,Nizhniy Baskunchak,RU,2021-11-08 04:05:43,48.2198,46.8311,41.77,76,88,6.42
304,Uhlove,UA,2021-11-08 03:55:47,44.8215,33.6045,57.56,82,90,10.54
305,Labranzagrande,CO,2021-11-08 04:05:43,5.5622,-72.575,64.54,94,100,4.34
306,Ayorou,NE,2021-11-08 04:05:44,14.7308,0.9174,80.62,15,76,5.53
307,Sarlat-La-Caneda,FR,2021-11-08 04:05:44,44.889,1.2166,46.09,98,38,3.06
308,Ajaccio,FR,2021-11-08 04:05:45,42.0,8.9167,50.49,87,0,6.91
309,Salamanca,ES,2021-11-08 04:05:45,40.8333,-6.0,37.18,92,16,5.66
310,Auxerre,FR,2021-11-08 04:05:46,47.8,3.5667,36.12,92,91,0.67
311,Chistogorskiy,RU,2021-11-08 04:05:46,53.9835,87.3843,31.06,76,36,7.14
312,Caxito,AO,2021-11-08 04:01:32,-8.5785,13.6643,75.85,87,100,1.99
313,Zaysan,KZ,2021-11-08 04:01:16,47.4667,84.8667,22.14,69,1,2.21
314,Usakos,NA,2021-11-08 04:05:48,-22.0,15.6,56.28,52,16,2.24
315,Vieques,PR,2021-11-08 04:05:48,18.425,-65.8329,78.82,78,1,0.0
316,Ambilobe,MG,2021-11-08 04:01:36,-13.2,49.05,81.63,58,6,3.56
317,Rumonge,BI,2021-11-08 04:01:21,-3.9736,29.4386,73.63,49,76,4.88
318,Carinhanha,BR,2021-11-08 04:05:49,-14.3047,-43.765,73.89,85,87,7.02
319,Andilamena,MG,2021-11-08 04:05:50,-17.0167,48.5833,66.22,71,69,6.15
320,Gornopravdinsk,RU,2021-11-08 04:05:50,60.05,69.9,32.59,98,100,8.46
321,Buchanan,LR,2021-11-08 04:05:51,5.8808,-10.0467,77.29,87,16,2.24
322,Nyuksenitsa,RU,2021-11-08 04:05:51,60.4128,44.2397,32.49,97,100,4.18
323,Veraval,IN,2021-11-08 03:57:56,20.9,70.3667,82.51,43,92,11.36
324,Dwarka,IN,2021-11-08 04:05:52,22.2394,68.9678,82.81,44,65,14.41
325,Eppelborn,DE,2021-11-08 04:05:53,49.4,6.9667,40.17,80,69,2.01
326,Aden,YE,2021-11-08 04:03:48,12.7794,45.0367,81.99,63,9,14.99
327,Lancaster,US,2021-11-08 04:05:35,40.2504,-76.2499,46.78,68,1,3.44
328,Gunjur,GM,2021-11-08 04:05:54,13.2019,-16.7339,73.47,94,0,2.3
329,Mana,GF,2021-11-08 04:05:54,5.6592,-53.7767,78.17,87,97,10.18
330,Cervo,ES,2021-11-08 04:01:20,43.6702,-7.4101,47.19,83,100,0.51
331,Camana,PE,2021-11-08 04:05:55,-16.6228,-72.7111,64.0,84,71,6.33
332,At-Bashi,KG,2021-11-08 04:05:56,41.1702,75.8106,22.21,47,39,0.98
333,Durazno,UY,2021-11-08 04:01:27,-33.4131,-56.5006,53.11,89,14,6.8
334,Camocim,BR,2021-11-08 04:05:57,-2.9022,-40.8411,76.96,87,100,3.11
335,Tukrah,LY,2021-11-08 04:05:57,32.5341,20.5791,67.95,59,99,5.39
336,Fort-Shevchenko,KZ,2021-11-08 04:05:50,44.5086,50.263,52.59,83,87,5.55
337,Pechenizhyn,UA,2021-11-08 04:05:58,48.5155,24.8942,44.02,88,99,2.04
338,Rurrenabaque,BO,2021-11-08 04:05:58,-14.4413,-67.5278,70.88,79,99,0.89
339,Mattru,SL,2021-11-08 04:01:23,7.6244,-11.8332,73.49,97,33,1.83
340,Lamu,KE,2021-11-08 04:00:52,-2.2717,40.902,75.42,75,73,7.94
341,Olecko,PL,2021-11-08 04:05:59,54.0337,22.507,43.09,84,100,17.69
342,Engenheiro Beltrao,BR,2021-11-08 04:06:00,-23.7972,-52.2692,68.97,93,1,2.89
343,Karasburg,NA,2021-11-08 03:56:45,-28.0167,18.75,46.62,79,52,21.85
344,Ati,TD,2021-11-08 04:06:01,13.2154,18.3353,77.95,17,4,10.49
345,Mehamn,NO,2021-11-08 03:58:02,71.0357,27.8492,27.39,90,100,5.37
346,Aras,ES,2021-11-08 04:06:01,42.5617,-2.356,50.72,88,90,16.11
347,Japura,ID,2021-11-08 03:56:04,-0.3167,102.35,89.46,58,94,3.33
348,Luanda,AO,2021-11-08 04:05:16,-8.8368,13.2343,75.2,83,75,5.75
349,Bati,ET,2021-11-08 04:06:03,11.1833,40.0167,64.17,43,49,3.0
350,Ahuas,HN,2021-11-08 04:06:03,15.4759,-84.3553,72.14,92,94,5.61
351,Nushki,PK,2021-11-08 04:06:04,29.5542,66.0215,63.14,27,0,2.55
352,Maragogi,BR,2021-11-08 04:06:04,-9.0122,-35.2225,76.55,88,12,6.62
353,Meulaboh,ID,2021-11-08 03:54:59,4.1363,96.1285,75.6,96,100,6.58
354,Birjand,IR,2021-11-08 03:56:35,32.8663,59.2211,39.67,75,75,9.22
355,Eirunepe,BR,2021-11-08 04:06:05,-6.6603,-69.8736,72.36,99,100,2.04
356,Betioky,MG,2021-11-08 03:58:35,-23.7167,44.3833,79.23,46,46,6.31
357,Koszalin,PL,2021-11-08 04:06:06,54.1944,16.1722,46.67,88,87,8.68
358,Tazovskiy,RU,2021-11-08 03:58:51,67.4667,78.7,17.58,92,100,10.49
359,Krasnogvardeyskiy,RU,2021-11-08 04:06:07,57.3793,62.3195,36.99,75,100,11.48
360,Saint-Agapit,CA,2021-11-08 04:06:07,46.5629,-71.4352,46.04,87,100,4.09
361,Hala,PK,2021-11-08 04:06:08,25.8131,68.4227,69.78,18,0,2.55
362,Zelenoborsk,RU,2021-11-08 04:00:41,61.4669,64.0333,32.72,89,98,10.18
363,Abu Dhabi,AE,2021-11-08 03:59:41,24.4667,54.3667,75.22,38,0,6.91
364,Sambava,MG,2021-11-08 04:06:09,-14.2667,50.1667,77.7,71,44,8.77
365,Najran,SA,2021-11-08 04:06:10,17.4924,44.1277,64.63,24,0,0.72
366,Florida,US,2021-11-08 04:02:21,28.7505,-82.5001,59.02,94,1,0.0
367,Gat,IL,2021-11-08 04:06:11,31.61,34.7642,71.4,32,0,1.14
368,Severnoye,RU,2021-11-08 04:06:11,56.3491,78.3619,30.24,63,86,17.47
369,Tome,CL,2021-11-08 04:06:12,-36.6167,-72.95,54.21,87,20,5.55
370,Grand-Bourg,GP,2021-11-08 04:06:12,15.8835,-61.3148,73.35,70,19,12.12
371,Uyuni,BO,2021-11-08 03:59:36,-20.4597,-66.825,45.7,10,94,5.61
372,Valparaiso,CL,2021-11-08 03:57:04,-33.0393,-71.6273,55.04,87,0,3.44
373,Akureyri,IS,2021-11-08 03:57:16,65.6835,-18.0878,31.93,93,90,4.61
374,Lyaskelya,RU,2021-11-08 04:06:14,61.7667,31.0167,33.73,84,100,12.33
375,Xuddur,SO,2021-11-08 04:06:14,4.1213,43.8894,72.46,83,91,12.12
376,Mahon,ES,2021-11-08 04:05:51,39.8885,4.2658,55.96,88,75,17.27
377,Penzance,GB,2021-11-08 03:56:48,50.1186,-5.5371,54.77,93,100,6.04
378,Bereda,ES,2021-11-08 04:06:16,43.2686,-7.5406,48.0,100,100,2.86
379,Teguldet,RU,2021-11-08 04:06:16,57.3064,88.1667,29.84,71,100,14.92
380,Barbosa Ferraz,BR,2021-11-08 04:06:17,-24.03,-52.0117,68.09,96,1,2.44
381,Balykshi,KZ,2021-11-08 04:06:17,47.0667,51.8667,39.2,65,75,4.47
382,Altay,CN,2021-11-08 04:06:18,47.8667,88.1167,25.0,54,0,2.48
383,Bethanien,NA,2021-11-08 03:56:33,-26.502,17.1583,49.1,65,0,12.35
384,Vera Cruz,BR,2021-11-08 04:06:19,-12.6333,-41.0333,67.91,98,100,0.51
385,Nosy Varika,MG,2021-11-08 04:06:19,-20.5833,48.5333,75.06,86,60,6.42
386,Santo Antonio Do Ica,BR,2021-11-08 04:02:29,-3.1022,-67.9397,72.21,99,94,1.68
387,Ilo,PE,2021-11-08 04:06:20,-17.6394,-71.3375,63.52,83,70,5.14
388,Ponnani,IN,2021-11-08 04:06:21,10.767,75.9252,81.72,81,76,3.71
389,Williamsburg,US,2021-11-08 04:06:21,37.2707,-76.7075,53.74,81,1,1.01
390,Gamba,GA,2021-11-08 04:06:22,-2.65,10.0,74.73,93,100,3.8
391,San Andres,CO,2021-11-08 03:56:27,12.5847,-81.7006,82.42,78,75,6.91
392,Sarankhola,BD,2021-11-08 04:06:23,22.3082,89.7897,78.82,60,39,7.31
393,Visnes,NO,2021-11-08 04:01:43,59.3556,5.2242,46.45,93,90,11.5
394,Satipo,PE,2021-11-08 04:06:24,-11.2522,-74.6386,70.72,98,100,2.26
395,Guntakal,IN,2021-11-08 04:06:24,15.1667,77.3833,75.56,74,83,5.91
396,Marystown,CA,2021-11-08 04:06:25,47.1666,-55.1483,45.86,100,17,8.79
397,Praia,CV,2021-11-08 04:00:22,14.9215,-23.5087,76.26,79,99,12.64
398,Quatis,BR,2021-11-08 04:06:26,-22.4072,-44.2581,62.87,90,80,1.07
399,Andenes,NO,2021-11-08 04:01:18,69.3143,16.1194,35.58,80,40,18.41
400,Umarkot,PK,2021-11-08 04:06:27,25.3616,69.7362,83.19,17,3,2.35
401,Nisko,PL,2021-11-08 04:06:27,50.5199,22.1397,46.42,84,100,5.01
402,Stromness,GB,2021-11-08 04:06:28,58.965,-3.296,44.85,62,94,6.04
403,Saint-Francois,FR,2021-11-08 03:57:57,46.4154,3.9054,44.04,100,90,2.3
404,Dekar,BW,2021-11-08 04:06:28,-21.5333,21.9333,74.98,51,100,13.11
405,Tessalit,ML,2021-11-08 03:57:55,20.1986,1.0114,76.8,22,63,6.53
406,Pedernales,DO,2021-11-08 03:59:16,18.0384,-71.744,78.98,77,85,3.91
407,Balkanabat,TM,2021-11-08 03:59:04,39.5108,54.3671,45.73,50,0,1.5
408,Cape Canaveral,US,2021-11-08 04:06:30,28.4058,-80.6048,63.99,79,40,11.5
409,Chincha Alta,PE,2021-11-08 04:06:31,-13.4099,-76.1323,63.19,88,78,4.41
410,Tisovec,SK,2021-11-08 04:06:31,48.6774,19.9436,42.67,89,100,3.36
411,Harper,LR,2021-11-08 03:58:40,4.375,-7.7169,78.26,88,95,5.66
412,Jaypur,IN,2021-11-08 04:06:32,18.85,82.5833,72.68,55,80,5.68
413,Barranca,PE,2021-11-08 04:06:33,-10.75,-77.7667,63.64,82,97,5.77
414,Kalabo,ZM,2021-11-08 04:06:33,-14.97,22.6814,76.6,32,91,4.09
415,Illapel,CL,2021-11-08 04:06:34,-31.6308,-71.1653,61.3,64,0,1.95
416,Tambopata,PE,2021-11-08 04:06:34,-12.7333,-69.1833,68.0,84,100,1.86
417,Tifton,US,2021-11-08 04:06:35,31.4505,-83.5085,51.76,83,1,0.0
418,Bucksport,US,2021-11-08 04:06:35,44.5737,-68.7956,43.68,88,24,1.81
419,Iberia,US,2021-11-08 04:06:36,29.9502,-91.7507,53.98,100,1,0.0
420,Sfantu Gheorghe,RO,2021-11-08 04:06:37,45.8667,25.7833,45.84,91,58,2.13
421,Pemba,MZ,2021-11-08 03:57:26,-12.974,40.5178,77.7,94,75,5.99
422,Desaguadero,PE,2021-11-08 04:06:38,-16.5656,-69.0417,52.47,50,100,4.16
423,Caravelas,BR,2021-11-08 04:06:38,-17.7125,-39.2481,72.07,84,77,3.0
424,Duba-Yurt,RU,2021-11-08 04:06:39,43.0372,45.7319,47.37,83,47,1.86
425,Dutlwe,BW,2021-11-08 04:06:39,-23.9833,23.9,77.9,38,100,11.83
426,Waris Aliganj,IN,2021-11-08 04:06:40,25.0167,85.6333,74.01,51,12,4.21
427,Le Vauclin,MQ,2021-11-08 04:06:40,14.5452,-60.8388,78.85,83,40,2.3
428,Mpika,ZM,2021-11-08 03:58:56,-11.8343,31.4529,66.43,40,25,3.47
429,Vigeland,NO,2021-11-08 04:06:41,58.0844,7.305,42.94,80,100,10.94
430,Chepareria,KE,2021-11-08 04:06:42,1.3077,35.2039,63.23,78,87,2.13
431,Whithorn,JM,2021-11-08 04:06:42,18.2604,-78.0378,74.44,95,31,4.27
432,Kobelyaky,UA,2021-11-08 04:06:43,49.1489,34.1965,45.99,76,78,7.76
433,San Ignacio,BZ,2021-11-08 04:06:43,17.1561,-89.0714,66.34,94,0,0.0
434,Deer Lake,CA,2021-11-08 04:06:44,49.1667,-57.4316,44.44,91,97,7.31
435,Kapuskasing,CA,2021-11-08 03:59:56,49.4169,-82.4331,42.8,93,40,6.91
436,Agnibilekrou,CI,2021-11-08 04:06:45,7.1344,-3.2047,70.27,99,52,2.48
437,Uige,AO,2021-11-08 04:06:45,-7.6087,15.0613,66.33,97,100,2.01
438,Sayyan,YE,2021-11-08 04:06:46,15.1718,44.3244,52.86,29,4,4.12
439,Havelock,US,2021-11-08 04:06:47,34.8791,-76.9013,51.93,79,100,4.0
440,Rocky Mount,US,2021-11-08 04:06:48,35.9382,-77.7905,46.89,61,1,9.22
441,Kaltasy,RU,2021-11-08 04:06:49,55.9693,54.8032,34.79,83,100,9.01
442,Kargopol,RU,2021-11-08 04:06:49,61.5071,38.9456,31.17,95,100,6.6
443,Gurgentepe,TR,2021-11-08 04:06:50,40.7883,37.6017,35.49,66,100,5.7
444,Salvador,SV,2021-11-08 04:06:50,13.8333,-88.9167,72.0,84,77,3.62
445,The Valley,AI,2021-11-08 04:01:16,18.217,-63.0578,76.86,75,58,15.23
446,Puerto Baquerizo Moreno,EC,2021-11-08 04:01:13,-0.9,-89.6,69.4,78,82,10.27
447,Marigot,MF,2021-11-08 04:06:51,18.0667,-63.0833,79.02,83,75,5.75
448,Iskateley,RU,2021-11-08 04:06:52,67.6803,53.1512,19.96,83,33,7.9
449,Oum Hadjer,TD,2021-11-08 04:06:52,13.2954,19.6966,77.2,16,5,8.41
450,Bardiyah,LY,2021-11-08 04:06:53,31.7561,25.0865,66.42,80,2,4.94
451,Sinjar,IQ,2021-11-08 04:06:53,36.3209,41.8754,58.82,43,7,2.95
452,Santa Cruz,BO,2021-11-08 04:06:54,-17.8,-63.1667,69.26,83,75,4.61
453,Hemsedal,NO,2021-11-08 04:06:54,60.8629,8.5534,35.31,98,100,1.97
454,Maracacume,BR,2021-11-08 04:06:55,-2.0428,-45.9592,76.6,84,96,1.16
455,Sibiti,CG,2021-11-08 04:06:55,-3.6819,13.3499,69.8,99,100,2.82
456,Sayat,TM,2021-11-08 04:06:56,38.7839,63.8803,44.62,25,100,6.78
457,Matara,LK,2021-11-08 04:00:52,5.9485,80.5353,77.23,88,100,13.15
458,Malakal,SS,2021-11-08 04:06:57,9.5334,31.6605,76.41,64,26,2.75
459,Kudahuvadhoo,MV,2021-11-08 03:56:59,2.6708,72.8944,83.03,69,98,18.34
460,Filadelfia,US,2021-11-08 03:59:20,39.9523,-75.1638,48.94,65,100,1.01
461,Huarmey,PE,2021-11-08 04:06:58,-10.0681,-78.1522,63.91,85,99,6.31
462,Pimenta Bueno,BR,2021-11-08 04:06:58,-11.6725,-61.1936,71.51,98,82,1.54
463,Tarkwa,GH,2021-11-08 04:06:59,5.3064,-1.9847,74.28,97,86,2.46
464,Saint-Georges,GD,2021-11-08 04:06:59,12.0564,-61.7485,79.86,80,22,14.23
465,Namwala,ZM,2021-11-08 04:07:00,-15.7504,26.4384,71.96,33,1,3.56
466,Trebinje,BA,2021-11-08 04:06:27,42.7119,18.3442,57.56,94,75,4.61
467,Pauini,BR,2021-11-08 04:07:01,-7.7136,-66.9764,73.44,94,94,0.31
468,Antofagasta,CL,2021-11-08 03:59:55,-23.65,-70.4,60.08,75,34,7.09
469,Cartagena,CO,2021-11-08 04:07:01,10.3997,-75.5144,82.02,89,0,5.75
470,Nosivka,UA,2021-11-08 04:07:02,50.9315,31.5828,42.58,90,100,10.51
471,Arvika,SE,2021-11-08 04:07:03,59.6553,12.5852,32.7,90,100,4.03
472,Saint-Louis,SN,2021-11-08 04:07:03,16.3333,-15.0,78.8,25,37,10.29
473,Lipin Bor,RU,2021-11-08 04:07:04,60.2622,37.9763,33.67,98,100,11.7
474,Yarada,IN,2021-11-08 04:07:04,17.65,83.2667,80.92,50,40,8.05
475,Belomorsk,RU,2021-11-08 04:07:05,64.5232,34.7668,24.58,89,13,5.08
476,Wanlaweyn,SO,2021-11-08 04:07:05,2.6185,44.8938,78.01,74,92,8.23
477,Awbari,LY,2021-11-08 04:07:06,26.5921,12.7805,67.48,27,96,12.06
478,Goderich,CA,2021-11-08 03:54:07,43.7501,-81.7165,50.32,76,60,5.75
479,Sao Bento,BR,2021-11-08 04:07:06,-6.2833,-37.75,74.19,72,72,3.6
480,Umba,RU,2021-11-08 04:07:07,66.6871,34.3429,22.55,90,62,6.89
481,Bage,BR,2021-11-08 04:02:16,-31.3314,-54.1069,53.82,95,2,6.82
482,Zarate,AR,2021-11-08 04:07:08,-34.0981,-59.0286,63.95,81,1,4.9
483,Pailon,BO,2021-11-08 04:07:08,-17.65,-62.75,70.7,82,97,4.65
484,Pryazha,RU,2021-11-08 04:07:09,61.6926,33.6216,31.98,84,100,11.79
485,Iralaya,HN,2021-11-08 04:07:09,15.0,-83.2333,77.05,87,100,15.79
486,Mandiana,GN,2021-11-08 04:07:10,10.6333,-8.6833,76.66,70,75,3.33
487,Lodja,CD,2021-11-08 04:07:10,-3.4833,23.4333,67.89,99,79,2.08
488,Maralal,KE,2021-11-08 04:03:41,1.0968,36.698,61.16,60,72,5.01
489,Hambantota,LK,2021-11-08 03:53:50,6.1241,81.1185,80.94,89,20,6.91
490,Lima,PE,2021-11-08 04:02:12,-12.0432,-77.0282,63.9,83,93,4.47
491,Brewster,US,2021-11-08 04:06:12,41.3973,-73.6171,46.74,75,1,3.44
492,Marsh Harbour,BS,2021-11-08 04:05:31,26.5412,-77.0636,75.02,77,64,19.37
493,Rocha,UY,2021-11-08 04:00:46,-34.4833,-54.3333,49.33,92,0,4.29
494,Rincon,US,2021-11-08 04:05:48,32.296,-81.2354,55.85,89,1,3.44
495,Matale,LK,2021-11-08 04:07:13,7.4721,80.6234,72.57,94,100,2.95
496,Paidha,UG,2021-11-08 04:07:13,2.4167,30.9855,61.92,89,92,3.15
497,Harer,ET,2021-11-08 04:07:14,9.3094,42.1258,60.58,39,2,3.94
498,Port-Gentil,GA,2021-11-08 03:57:24,-0.7193,8.7815,78.66,85,98,11.77
499,Westport,US,2021-11-08 04:07:15,41.1415,-73.3579,51.19,71,1,4.0
500,Kinsale,IE,2021-11-08 04:07:15,51.7075,-8.5306,54.77,100,90,9.22
501,Arlit,NE,2021-11-08 04:07:16,18.7369,7.3853,75.79,15,68,7.43
502,Algiers,DZ,2021-11-08 04:07:16,36.7525,3.042,51.62,82,75,6.91
503,Tucuman,AR,2021-11-08 04:07:17,-26.8241,-65.2226,66.2,82,0,2.3
504,Pudozh,RU,2021-11-08 04:07:17,61.8099,36.5345,30.58,85,100,10.0
505,Belyy Yar,RU,2021-11-08 04:04:28,53.6039,91.3903,40.89,52,0,13.42
506,Butterworth,MY,2021-11-08 04:07:18,5.3991,100.3638,88.0,75,20,4.61
507,Freetown,SL,2021-11-08 04:07:19,8.484,-13.2299,77.67,84,24,2.53
508,Floresta,BR,2021-11-08 04:07:19,-8.6011,-38.5686,79.9,64,96,7.29
509,Tapes,BR,2021-11-08 04:07:20,-30.6733,-51.3958,59.11,80,9,3.33
510,Obo,CF,2021-11-08 04:07:20,5.3998,26.4869,67.28,98,92,3.71
511,Muborak,UZ,2021-11-08 04:07:21,39.2553,65.1528,41.32,74,100,11.25
512,Port-Cartier,CA,2021-11-08 03:59:46,50.0334,-66.8654,43.75,78,98,7.07
513,Mandera,KE,2021-11-08 04:07:22,3.9366,41.867,78.44,69,48,10.02
514,Togur,RU,2021-11-08 04:07:22,58.3631,82.8265,30.61,67,100,15.75
515,Batticaloa,LK,2021-11-08 04:07:23,7.7102,81.6924,80.74,76,91,7.72
516,Pokhara,NP,2021-11-08 04:03:02,28.2333,83.9833,67.93,65,12,4.59
517,Coihaique,CL,2021-11-08 04:07:23,-45.5752,-72.0662,40.95,87,0,1.14
518,Akdepe,TM,2021-11-08 04:07:24,42.0551,59.3788,24.8,24,0,3.65
519,Salinopolis,BR,2021-11-08 04:01:24,-0.6136,-47.3561,78.06,88,59,6.8
520,Thinadhoo,MV,2021-11-08 04:02:30,0.5333,72.9333,83.23,66,97,15.64
521,Strezhevoy,RU,2021-11-08 03:59:53,60.7333,77.5889,31.98,92,100,13.04
522,Beloha,MG,2021-11-08 03:57:55,-25.1667,45.05,80.53,44,46,6.4
523,Burshtyn,UA,2021-11-08 04:07:25,49.2587,24.6278,39.15,87,100,4.47
524,Puri,IN,2021-11-08 03:59:57,19.8,85.85,77.52,54,21,9.6
525,Nyimba,ZM,2021-11-08 04:07:26,-14.5566,30.8149,74.95,31,85,2.33
526,Atmakur,IN,2021-11-08 04:07:27,15.8833,78.5833,78.8,66,96,5.1
527,Bougouni,ML,2021-11-08 04:07:28,11.417,-7.479,76.8,61,50,3.0
528,Grand Gaube,MU,2021-11-08 03:57:54,-20.0064,57.6608,79.38,72,23,10.0
529,Muzhi,RU,2021-11-08 04:07:28,65.3667,64.6667,25.65,86,100,3.49
530,Priyutnoye,RU,2021-11-08 04:07:29,46.1011,43.5072,44.74,90,91,6.96
531,Kavaratti,IN,2021-11-08 04:07:30,10.5669,72.642,81.68,75,99,7.78
532,Kangaatsiaq,GL,2021-11-08 04:07:30,68.3065,-53.4641,17.47,86,100,9.75
533,Rio Pomba,BR,2021-11-08 04:07:30,-21.2747,-43.1792,65.46,96,91,3.87
534,Altagracia De Orituco,VE,2021-11-08 04:07:31,9.8601,-66.3814,70.95,94,72,4.32
535,Voka,EE,2021-11-08 04:07:31,59.3997,27.5817,37.27,97,100,27.47
536,Sorland,NO,2021-11-08 04:02:07,67.667,12.6934,41.2,54,98,14.38
537,Severodvinsk,RU,2021-11-08 04:07:32,64.5635,39.8302,21.31,78,55,6.42
538,Kholm-Zhirkovskiy,RU,2021-11-08 04:07:33,55.5189,33.4731,38.68,96,100,12.88
539,Sant Julia De Loria,AD,2021-11-08 04:07:33,42.4625,1.4825,43.81,91,45,10.2
540,Nacala,MZ,2021-11-08 04:07:34,-14.5428,40.6728,80.37,75,41,7.85
541,Manaure,CO,2021-11-08 04:07:34,11.7751,-72.4445,80.94,79,18,12.77
542,Grindavik,IS,2021-11-08 04:07:35,63.8424,-22.4338,39.67,93,90,31.07
543,Agirish,RU,2021-11-08 03:57:36,61.9247,63.0231,30.74,86,97,10.8
544,Kytmanovo,RU,2021-11-08 04:07:36,53.4593,85.4479,29.1,71,99,10.6
545,Scottsboro,US,2021-11-08 04:07:36,34.6723,-86.0341,50.11,100,1,0.0
546,Sirmaur,IN,2021-11-08 04:07:37,24.85,81.3833,74.61,36,15,4.07
547,Sur,OM,2021-11-08 04:07:37,22.5667,59.5289,78.85,52,0,4.03
548,Presidente Dutra,BR,2021-11-08 04:07:38,-5.29,-44.49,72.75,90,97,2.01
549,Ler,SS,2021-11-08 03:59:17,8.3018,30.1418,74.71,65,11,0.38
550,Maryville,US,2021-11-08 04:07:39,35.7565,-83.9705,49.1,75,1,1.01
551,Kamenka,RU,2021-11-08 03:58:24,51.3223,42.7678,39.25,89,100,9.1
552,Coutances,FR,2021-11-08 04:07:39,49.05,-1.4333,49.15,89,25,2.55
553,Skjervoy,NO,2021-11-08 04:07:40,70.0311,20.9714,34.23,91,100,15.93
554,Sawakin,SD,2021-11-08 03:59:33,19.1059,37.3321,80.06,75,13,5.17
555,Surman,LY,2021-11-08 04:07:41,32.7567,12.5716,70.43,83,62,5.99
556,Boende,CD,2021-11-08 04:07:41,-0.2167,20.8667,70.83,97,98,1.39
557,Pekin,CN,2021-11-08 04:06:14,39.9075,116.3972,39.09,53,0,13.6
558,Port Blair,IN,2021-11-08 03:57:42,11.6667,92.75,83.61,78,100,11.45
559,Kermanshah,IR,2021-11-08 04:07:42,34.3142,47.065,41.9,61,20,11.5
